[{"line":1,"elements":[{"start_timestamp":"2024-12-13T07:33:47.381Z","line":4,"name":"verify the login functionality with valid credential","description":"","id":"login-functionality;verify-the-login-functionality-with-valid-credential","type":"scenario","keyword":"Scenario","steps":[{"result":{"status":"undefined"},"line":5,"name":"user open browser","match":{},"keyword":"Given "},{"result":{"status":"skipped"},"line":6,"name":"user open the application","match":{},"keyword":"And "},{"result":{"status":"skipped"},"line":7,"name":"enter user Email id and password","match":{},"keyword":"When "},{"result":{"status":"skipped"},"line":8,"name":"user click the login button","match":{},"keyword":"And "},{"result":{"status":"skipped"},"line":9,"name":"user should be login successfully completed","match":{},"keyword":"Then "},{"result":{"status":"skipped"},"line":10,"name":"user should be w3hrm dash board page","match":{},"keyword":"And "}],"tags":[{"name":"@smoke"}]}],"name":"Login Functionality","description":"","id":"login-functionality","keyword":"Feature","uri":"file:src/test/java/com_Features/Login.feature","tags":[]}]