[{"line":1,"elements":[{"start_timestamp":"2024-12-13T08:48:10.104Z","line":4,"name":"verify the login functionality with valid credential","description":"","id":"login-functionality;verify-the-login-functionality-with-valid-credential","type":"scenario","keyword":"Scenario","steps":[{"result":{"duration":10984090300,"status":"passed"},"line":5,"name":"user open browser","match":{"location":"com_Steap_Defination.W3hrm_Login_Page.user_open_browser()"},"keyword":"Given "},{"result":{"duration":7515026400,"status":"passed"},"line":6,"name":"user open the application","match":{"location":"com_Steap_Defination.W3hrm_Login_Page.user_open_the_application()"},"keyword":"And "},{"result":{"duration":262508300,"status":"passed"},"line":7,"name":"enter user Email id and password","match":{"location":"com_Steap_Defination.W3hrm_Login_Page.enter_user_email_id_and_password()"},"keyword":"When "},{"result":{"duration":5746526100,"status":"passed"},"line":8,"name":"user click the login button","match":{"location":"com_Steap_Defination.W3hrm_Login_Page.user_click_the_login_button()"},"keyword":"And "},{"result":{"duration":1361000,"status":"passed"},"line":9,"name":"user should be login successfully completed","match":{"location":"com_Steap_Defination.W3hrm_Login_Page.user_should_be_login_successfully_completed()"},"keyword":"Then "},{"result":{"duration":17558200,"status":"passed"},"line":10,"name":"user should be w3hrm dash board page","match":{"location":"com_Steap_Defination.W3hrm_Login_Page.user_should_be_w3hrm_dash_board_page()"},"keyword":"And "}],"tags":[{"name":"@smoke"}]}],"name":"Login Functionality","description":"","id":"login-functionality","keyword":"Feature","uri":"file:src/test/java/com_Features/Login.feature","tags":[]}]